Character,Lv,Base HP,Base ATK,Base DEF,CRIT Rate,CRIT DMG,ATK,DEF,HP,Elemental Mastery,Energy Recharge,Physical DMG Bonus,Pyro DMG Bonus,Hydro DMG Bonus,Cryo DMG Bonus,Electro DMG Bonus,Anemo DMG Bonus,Geo DMG Bonus
Amber,1,793,19,50,5,50,0,0,0,0,0,0,0,0,0,0,0,0
Amber,20,2038,48,129,5,50,0,0,0,0,0,0,0,0,0,0,0,0
Amber,20+,2630,62,167,5,50,0,0,0,0,0,0,0,0,0,0,0,0
Amber,40,3940,93,250,5,50,0,0,0,0,0,0,0,0,0,0,0,0
Amber,40+,4361,103,277,5,50,6,0,0,0,0,0,0,0,0,0,0,0
Amber,50,5016,118,318,5,50,6,0,0,0,0,0,0,0,0,0,0,0
Amber,50+,5578,131,354,5,50,12,0,0,0,0,0,0,0,0,0,0,0
Amber,60,6233,147,396,5,50,12,0,0,0,0,0,0,0,0,0,0,0
Amber,60+,6654,157,422,5,50,12,0,0,0,0,0,0,0,0,0,0,0
Amber,70,7309,172,464,5,50,12,0,0,0,0,0,0,0,0,0,0,0
Amber,70+,7730,182,491,5,50,18,0,0,0,0,0,0,0,0,0,0,0
Amber,80,8385,198,532,5,50,18,0,0,0,0,0,0,0,0,0,0,0
Amber,80+,8806,208,559,5,50,24,0,0,0,0,0,0,0,0,0,0,0
Amber,90,9461,223,601,5,50,24,0,0,0,0,0,0,0,0,0,0,0
Barbara,1,821,13,56,5,50,0,0,0,0,0,0,0,0,0,0,0,0
Barbara,20,2108,34,144,5,50,0,0,0,0,0,0,0,0,0,0,0,0
Barbara,20+,2721,44,186,5,50,0,0,0,0,0,0,0,0,0,0,0,0
Barbara,40,4076,66,279,5,50,0,0,0,0,0,0,0,0,0,0,0,0
Barbara,40+,4512,73,308,5,50,0,0,6,0,0,0,0,0,0,0,0,0
Barbara,50,5189,84,355,5,50,0,0,6,0,0,0,0,0,0,0,0,0
Barbara,50+,5770,94,394,5,50,0,0,12,0,0,0,0,0,0,0,0,0
Barbara,60,6448,105,441,5,50,0,0,12,0,0,0,0,0,0,0,0,0
Barbara,60+,6884,112,470,5,50,0,0,12,0,0,0,0,0,0,0,0,0
Barbara,70,7561,123,517,5,50,0,0,12,0,0,0,0,0,0,0,0,0
Barbara,70+,7996,130,546,5,50,0,0,18,0,0,0,0,0,0,0,0,0
Barbara,80,8674,141,593,5,50,0,0,18,0,0,0,0,0,0,0,0,0
Barbara,80+,9110,148,623,5,50,0,0,24,0,0,0,0,0,0,0,0,0
Barbara,90,9787,159,669,5,50,0,0,24,0,0,0,0,0,0,0,0,0
Beidou,1,1094,19,54,5,50,0,0,0,0,0,0,0,0,0,0,0,0
Beidou,20,2811,48,140,5,50,0,0,0,0,0,0,0,0,0,0,0,0
Beidou,20+,3628,63,180,5,50,0,0,0,0,0,0,0,0,0,0,0,0
Beidou,40,5435,94,270,5,50,0,0,0,0,0,0,0,0,0,0,0,0
Beidou,40+,6015,104,299,5,50,0,0,0,0,0,0,0,0,0,6,0,0
Beidou,50,6919,119,344,5,50,0,0,0,0,0,0,0,0,0,6,0,0
Beidou,50+,7694,133,382,5,50,0,0,0,0,0,0,0,0,0,12,0,0
Beidou,60,8597,148,427,5,50,0,0,0,0,0,0,0,0,0,12,0,0
Beidou,60+,9178,158,456,5,50,0,0,0,0,0,0,0,0,0,12,0,0
Beidou,70,10081,174,501,5,50,0,0,0,0,0,0,0,0,0,12,0,0
Beidou,70+,10662,184,530,5,50,0,0,0,0,0,0,0,0,0,18,0,0
Beidou,80,11565,200,575,5,50,0,0,0,0,0,0,0,0,0,18,0,0
Beidou,80+,12146,210,603,5,50,0,0,0,0,0,0,0,0,0,24,0,0
Beidou,90,13050,225,648,5,50,0,0,0,0,0,0,0,0,0,24,0,0
Bennett,1,1039,16,65,5,50,0,0,0,0,0,0,0,0,0,0,0,0
Bennett,20,2670,41,166,5,50,0,0,0,0,0,0,0,0,0,0,0,0
Bennett,20+,3447,53,214,5,50,0,0,0,0,0,0,0,0,0,0,0,0
Bennett,40,5163,80,321,5,50,0,0,0,0,0,0,0,0,0,0,0,0
Bennett,40+,5715,88,356,5,50,0,0,0,0,6.7,0,0,0,0,0,0,0
Bennett,50,6573,101,409,5,50,0,0,0,0,6.7,0,0,0,0,0,0,0
Bennett,50+,7309,113,455,5,50,0,0,0,0,13.3,0,0,0,0,0,0,0
Bennett,60,8168,126,508,5,50,0,0,0,0,13.3,0,0,0,0,0,0,0
Bennett,60+,8719,134,542,5,50,0,0,0,0,13.3,0,0,0,0,0,0,0
Bennett,70,9577,148,596,5,50,0,0,0,0,13.3,0,0,0,0,0,0,0
Bennett,70+,10129,156,630,5,50,0,0,0,0,20,0,0,0,0,0,0,0
Bennett,80,10987,169,684,5,50,0,0,0,0,20,0,0,0,0,0,0,0
Bennett,80+,11539,178,718,5,50,0,0,0,0,26.7,0,0,0,0,0,0,0
Bennett,90,12397,191,771,5,50,0,0,0,0,26.7,0,0,0,0,0,0,0
Chongyun,1,921,19,54,5,50,0,0,0,0,0,0,0,0,0,0,0,0
Chongyun,20,2366,48,140,5,50,0,0,0,0,0,0,0,0,0,0,0,0
Chongyun,20+,3054,62,180,5,50,0,0,0,0,0,0,0,0,0,0,0,0
Chongyun,40,4574,93,270,5,50,0,0,0,0,0,0,0,0,0,0,0,0
Chongyun,40+,5063,103,299,5,50,6,0,0,0,0,0,0,0,0,0,0,0
Chongyun,50,5824,118,344,5,50,6,0,0,0,0,0,0,0,0,0,0,0
Chongyun,50+,6475,131,382,5,50,12,0,0,0,0,0,0,0,0,0,0,0
Chongyun,60,7236,147,427,5,50,12,0,0,0,0,0,0,0,0,0,0,0
Chongyun,60+,7725,157,456,5,50,12,0,0,0,0,0,0,0,0,0,0,0
Chongyun,70,8485,172,501,5,50,12,0,0,0,0,0,0,0,0,0,0,0
Chongyun,70+,8974,182,530,5,50,18,0,0,0,0,0,0,0,0,0,0,0
Chongyun,80,9734,198,575,5,50,18,0,0,0,0,0,0,0,0,0,0,0
Chongyun,80+,10223,208,603,5,50,24,0,0,0,0,0,0,0,0,0,0,0
Chongyun,90,10984,223,648,5,50,24,0,0,0,0,0,0,0,0,0,0,0
Diluc,1,1011,26,61,5,50,0,0,0,0,0,0,0,0,0,0,0,0
Diluc,20,2621,68,158,5,50,0,0,0,0,0,0,0,0,0,0,0,0
Diluc,20+,3488,90,211,5,50,0,0,0,0,0,0,0,0,0,0,0,0
Diluc,40,5219,135,315,5,50,0,0,0,0,0,0,0,0,0,0,0,0
Diluc,40+,5834,151,352,9.8,50,0,0,0,0,0,0,0,0,0,0,0,0
Diluc,50,6712,173,405,9.8,50,0,0,0,0,0,0,0,0,0,0,0,0
Diluc,50+,7533,194,455,14.6,50,0,0,0,0,0,0,0,0,0,0,0,0
Diluc,60,8421,217,509,14.6,50,0,0,0,0,0,0,0,0,0,0,0,0
Diluc,60+,9036,233,546,14.6,50,0,0,0,0,0,0,0,0,0,0,0,0
Diluc,70,9932,256,600,14.6,50,0,0,0,0,0,0,0,0,0,0,0,0
Diluc,70+,10547,272,637,19.4,50,0,0,0,0,0,0,0,0,0,0,0,0
Diluc,80,11453,295,692,19.4,50,0,0,0,0,0,0,0,0,0,0,0,0
Diluc,80+,12068,311,729,24.2,50,0,0,0,0,0,0,0,0,0,0,0,0
Diluc,90,12981,335,784,24.2,50,0,0,0,0,0,0,0,0,0,0,0,0
Fischl,1,770,20,50,5,50,0,0,0,0,0,0,0,0,0,0,0,0
Fischl,20,1979,53,128,5,50,0,0,0,0,0,0,0,0,0,0,0,0
Fischl,20+,2555,68,165,5,50,0,0,0,0,0,0,0,0,0,0,0,0
Fischl,40,3827,102,247,5,50,0,0,0,0,0,0,0,0,0,0,0,0
Fischl,40+,4236,113,274,5,50,6,0,0,0,0,0,0,0,0,0,0,0
Fischl,50,4872,130,315,5,50,6,0,0,0,0,0,0,0,0,0,0,0
Fischl,50+,5418,144,350,5,50,12,0,0,0,0,0,0,0,0,0,0,0
Fischl,60,6054,161,391,5,50,12,0,0,0,0,0,0,0,0,0,0,0
Fischl,60+,6463,172,418,5,50,12,0,0,0,0,0,0,0,0,0,0,0
Fischl,70,7099,189,459,5,50,12,0,0,0,0,0,0,0,0,0,0,0
Fischl,70+,7508,200,485,5,50,18,0,0,0,0,0,0,0,0,0,0,0
Fischl,80,8144,216,526,5,50,18,0,0,0,0,0,0,0,0,0,0,0
Fischl,80+,8553,227,553,5,50,24,0,0,0,0,0,0,0,0,0,0,0
Fischl,90,9189,244,594,5,50,24,0,0,0,0,0,0,0,0,0,0,0
Jean,1,1144,19,60,5,50,0,0,0,0,0,0,0,0,0,0,0,0
Jean,20,2967,48,155,5,50,0,0,0,0,0,0,0,0,0,0,0,0
Jean,20+,3948,64,206,5,50,0,0,0,0,0,0,0,0,0,0,0,0
Jean,40,5908,96,309,5,50,0,0,0,0,0,0,0,0,0,0,0,0
Jean,40+,6605,108,345,5,50,0,0,0,0,0,0,0,0,0,0,0,0
Jean,50,7599,124,397,5,50,0,0,0,0,0,0,0,0,0,0,0,0
Jean,50+,8528,139,446,5,50,0,0,0,0,0,0,0,0,0,0,0,0
Jean,60,9533,155,499,5,50,0,0,0,0,0,0,0,0,0,0,0,0
Jean,60+,10230,166,535,5,50,0,0,0,0,0,0,0,0,0,0,0,0
Jean,70,11243,183,588,5,50,0,0,0,0,0,0,0,0,0,0,0,0
Jean,70+,11940,194,624,5,50,0,0,0,0,0,0,0,0,0,0,0,0
Jean,80,12965,211,678,5,50,0,0,0,0,0,0,0,0,0,0,0,0
Jean,80+,13662,222,715,5,50,0,0,0,0,0,0,0,0,0,0,0,0
Jean,90,14695,239,769,5,50,0,0,0,0,0,0,0,0,0,0,0,0
Kaeya,1,976,19,66,5,50,0,0,0,0,0,0,0,0,0,0,0,0
Kaeya,20,2506,48,171,5,50,0,0,0,0,0,0,0,0,0,0,0,0
Kaeya,20+,3235,62,220,5,50,0,0,0,0,0,0,0,0,0,0,0,0
Kaeya,40,4846,93,330,5,50,0,0,0,0,0,0,0,0,0,0,0,0
Kaeya,40+,5364,103,365,5,50,0,0,0,0,6.7,0,0,0,0,0,0,0
Kaeya,50,6170,118,420,5,50,0,0,0,0,6.7,0,0,0,0,0,0,0
Kaeya,50+,6860,131,467,5,50,0,0,0,0,13.3,0,0,0,0,0,0,0
Kaeya,60,7666,147,522,5,50,0,0,0,0,13.3,0,0,0,0,0,0,0
Kaeya,60+,8184,157,557,5,50,0,0,0,0,13.3,0,0,0,0,0,0,0
Kaeya,70,8989,172,612,5,50,0,0,0,0,13.3,0,0,0,0,0,0,0
Kaeya,70+,9507,182,647,5,50,0,0,0,0,20,0,0,0,0,0,0,0
Kaeya,80,10312,198,702,5,50,0,0,0,0,20,0,0,0,0,0,0,0
Kaeya,80+,10830,208,737,5,50,0,0,0,0,26.7,0,0,0,0,0,0,0
Kaeya,90,11636,223,792,5,50,0,0,0,0,26.7,0,0,0,0,0,0,0
Keqing,1,1020,25,62,5,50,0,0,0,0,0,0,0,0,0,0,0,0
Keqing,20,2646,65,161,5,50,0,0,0,0,0,0,0,0,0,0,0,0
Keqing,20+,3521,87,215,5,50,0,0,0,0,0,0,0,0,0,0,0,0
Keqing,40,5268,130,321,5,50,0,0,0,0,0,0,0,0,0,0,0,0
Keqing,40+,5889,145,359,5,59.6,0,0,0,0,0,0,0,0,0,0,0,0
Keqing,50,6776,167,413,5,59.6,0,0,0,0,0,0,0,0,0,0,0,0
Keqing,50+,7604,187,464,5,69.2,0,0,0,0,0,0,0,0,0,0,0,0
Keqing,60,8500,209,519,5,69.2,0,0,0,0,0,0,0,0,0,0,0,0
Keqing,60+,9121,225,556,5,69.2,0,0,0,0,0,0,0,0,0,0,0,0
Keqing,70,10025,247,612,5,69.2,0,0,0,0,0,0,0,0,0,0,0,0
Keqing,70+,10647,262,649,5,78.8,0,0,0,0,0,0,0,0,0,0,0,0
Keqing,80,11561,285,705,5,78.8,0,0,0,0,0,0,0,0,0,0,0,0
Keqing,80+,12182,300,743,5,88.4,0,0,0,0,0,0,0,0,0,0,0,0
Keqing,90,13103,323,799,5,88.4,0,0,0,0,0,0,0,0,0,0,0,0
Klee,1,801,24,48,5,50,0,0,0,0,0,0,0,0,0,0,0,0
Klee,20,2077,63,124,5,50,0,0,0,0,0,0,0,0,0,0,0,0
Klee,20+,2764,84,165,5,50,0,0,0,0,0,0,0,0,0,0,0,0
Klee,40,4136,125,247,5,50,0,0,0,0,0,0,0,0,0,0,0,0
Klee,40+,4623,140,276,5,50,0,0,0,0,0,0,7.2,0,0,0,0,0
Klee,50,5319,161,318,5,50,0,0,0,0,0,0,7.2,0,0,0,0,0
Klee,50+,5970,180,357,5,50,0,0,0,0,0,0,14.4,0,0,0,0,0
Klee,60,6673,202,399,5,50,0,0,0,0,0,0,14.4,0,0,0,0,0
Klee,60+,7161,216,428,5,50,0,0,0,0,0,0,14.4,0,0,0,0,0
Klee,70,7870,238,470,5,50,0,0,0,0,0,0,14.4,0,0,0,0,0
Klee,70+,8358,253,500,5,50,0,0,0,0,0,0,21.6,0,0,0,0,0
Klee,80,9076,274,542,5,50,0,0,0,0,0,0,21.6,0,0,0,0,0
Klee,80+,9563,289,572,5,50,0,0,0,0,0,0,28.8,0,0,0,0,0
Klee,90,10287,311,615,5,50,0,0,0,0,0,0,28.8,0,0,0,0,0
Lisa,1,802,19,48,5,50,0,0,0,0,0,0,0,0,0,0,0,0
Lisa,20,2061,50,123,5,50,0,0,0,0,0,0,0,0,0,0,0,0
Lisa,20+,2661,64,159,5,50,0,0,0,0,0,0,0,0,0,0,0,0
Lisa,40,3985,96,239,5,50,0,0,0,0,0,0,0,0,0,0,0,0
Lisa,40+,4411,107,264,5,50,0,0,0,24,0,0,0,0,0,0,0,0
Lisa,50,5074,123,304,5,50,0,0,0,24,0,0,0,0,0,0,0,0
Lisa,50+,5642,136,338,5,50,0,0,0,48,0,0,0,0,0,0,0,0
Lisa,60,6305,153,378,5,50,0,0,0,48,0,0,0,0,0,0,0,0
Lisa,60+,6731,163,403,5,50,0,0,0,48,0,0,0,0,0,0,0,0
Lisa,70,7393,179,443,5,50,0,0,0,48,0,0,0,0,0,0,0,0
Lisa,70+,7818,189,468,5,50,0,0,0,72,0,0,0,0,0,0,0,0
Lisa,80,8481,205,508,5,50,0,0,0,72,0,0,0,0,0,0,0,0
Lisa,80+,8907,215,534,5,50,0,0,0,96,0,0,0,0,0,0,0,0
Lisa,90,9570,232,573,5,50,0,0,0,96,0,0,0,0,0,0,0,0
Mona,1,810,22,51,5,50,0,0,0,0,0,0,0,0,0,0,0,0
Mona,20,2102,58,132,5,50,0,0,0,0,0,0,0,0,0,0,0,0
Mona,20+,2797,77,176,5,50,0,0,0,0,0,0,0,0,0,0,0,0
Mona,40,4185,115,263,5,50,0,0,0,0,0,0,0,0,0,0,0,0
Mona,40+,4678,129,294,5,50,0,0,0,0,8,0,0,0,0,0,0,0
Mona,50,5383,148,338,5,50,0,0,0,0,8,0,0,0,0,0,0,0
Mona,50+,6041,167,379,5,50,0,0,0,0,16,0,0,0,0,0,0,0
Mona,60,6752,186,424,5,50,0,0,0,0,16,0,0,0,0,0,0,0
Mona,60+,7246,200,455,5,50,0,0,0,0,16,0,0,0,0,0,0,0
Mona,70,7964,220,500,5,50,0,0,0,0,16,0,0,0,0,0,0,0
Mona,70+,8458,233,531,5,50,0,0,0,0,24,0,0,0,0,0,0,0
Mona,80,9184,253,576,5,50,0,0,0,0,24,0,0,0,0,0,0,0
Mona,80+,9677,267,607,5,50,0,0,0,0,32,0,0,0,0,0,0,0
Mona,90,10409,287,653,5,50,0,0,0,0,32,0,0,0,0,0,0,0
Ningguang,1,821,18,48,5,50,0,0,0,0,0,0,0,0,0,0,0,0
Ningguang,20,2108,46,123,5,50,0,0,0,0,0,0,0,0,0,0,0,0
Ningguang,20+,2721,59,159,5,50,0,0,0,0,0,0,0,0,0,0,0,0
Ningguang,40,4076,88,239,5,50,0,0,0,0,0,0,0,0,0,0,0,0
Ningguang,40+,4512,98,264,5,50,0,0,0,0,0,0,0,0,0,0,0,6
Ningguang,50,5189,113,304,5,50,0,0,0,0,0,0,0,0,0,0,0,6
Ningguang,50+,5770,125,338,5,50,0,0,0,0,0,0,0,0,0,0,0,12
Ningguang,60,6448,140,378,5,50,0,0,0,0,0,0,0,0,0,0,0,12
Ningguang,60+,6884,149,403,5,50,0,0,0,0,0,0,0,0,0,0,0,12
Ningguang,70,7561,164,443,5,50,0,0,0,0,0,0,0,0,0,0,0,12
Ningguang,70+,7996,174,468,5,50,0,0,0,0,0,0,0,0,0,0,0,18
Ningguang,80,8674,188,508,5,50,0,0,0,0,0,0,0,0,0,0,0,18
Ningguang,80+,9110,198,534,5,50,0,0,0,0,0,0,0,0,0,0,0,24
Ningguang,90,9787,212,573,5,50,0,0,0,0,0,0,0,0,0,0,0,24
Noelle,1,1012,16,67,5,50,0,0,0,0,0,0,0,0,0,0,0,0
Noelle,20,2600,41,172,5,50,0,0,0,0,0,0,0,0,0,0,0,0
Noelle,20+,3356,53,222,5,50,0,0,0,0,0,0,0,0,0,0,0,0
Noelle,40,5027,80,333,5,50,0,0,0,0,0,0,0,0,0,0,0,0
Noelle,40+,5564,88,368,5,50,0,7.5,0,0,0,0,0,0,0,0,0,0
Noelle,50,6400,101,423,5,50,0,7.5,0,0,0,0,0,0,0,0,0,0
Noelle,50+,7117,113,471,5,50,0,15,0,0,0,0,0,0,0,0,0,0
Noelle,60,7953,126,526,5,50,0,15,0,0,0,0,0,0,0,0,0,0
Noelle,60+,8490,134,562,5,50,0,15,0,0,0,0,0,0,0,0,0,0
Noelle,70,9325,148,617,5,50,0,15,0,0,0,0,0,0,0,0,0,0
Noelle,70+,9862,156,652,5,50,0,22.5,0,0,0,0,0,0,0,0,0,0
Noelle,80,10698,169,708,5,50,0,22.5,0,0,0,0,0,0,0,0,0,0
Noelle,80+,11235,178,743,5,50,0,30,0,0,0,0,0,0,0,0,0,0
Noelle,90,12071,191,799,5,50,0,30,0,0,0,0,0,0,0,0,0,0
Qiqi,1,963,22,72,5,50,0,0,0,0,0,0,0,0,0,0,0,0
Qiqi,20,2498,58,186,5,50,0,0,0,0,0,0,0,0,0,0,0,0
Qiqi,20+,3323,77,248,5,50,0,0,0,0,0,0,0,0,0,0,0,0
Qiqi,40,4973,115,371,5,50,0,0,0,0,0,0,0,0,0,0,0,0
Qiqi,40+,5559,129,415,5,50,0,0,0,0,0,0,0,0,0,0,0,0
Qiqi,50,6396,148,477,5,50,0,0,0,0,0,0,0,0,0,0,0,0
Qiqi,50+,7178,167,535,5,50,0,0,0,0,0,0,0,0,0,0,0,0
Qiqi,60,8023,186,598,5,50,0,0,0,0,0,0,0,0,0,0,0,0
Qiqi,60+,8610,200,642,5,50,0,0,0,0,0,0,0,0,0,0,0,0
Qiqi,70,9463,220,706,5,50,0,0,0,0,0,0,0,0,0,0,0,0
Qiqi,70+,10050,233,749,5,50,0,0,0,0,0,0,0,0,0,0,0,0
Qiqi,80,10912,253,814,5,50,0,0,0,0,0,0,0,0,0,0,0,0
Qiqi,80+,11499,267,857,5,50,0,0,0,0,0,0,0,0,0,0,0,0
Qiqi,90,12368,287,922,5,50,0,0,0,0,0,0,0,0,0,0,0,0
Razor,1,1003,20,63,5,50,0,0,0,0,0,0,0,0,0,0,0,0
Razor,20,2577,50,162,5,50,0,0,0,0,0,0,0,0,0,0,0,0
Razor,20+,3326,65,209,5,50,0,0,0,0,0,0,0,0,0,0,0,0
Razor,40,4982,97,313,5,50,0,0,0,0,0,0,0,0,0,0,0,0
Razor,40+,5514,108,346,5,50,0,0,0,0,0,7.5,0,0,0,0,0,0
Razor,50,6343,124,398,5,50,0,0,0,0,0,7.5,0,0,0,0,0,0
Razor,50+,7052,138,443,5,50,0,0,0,0,0,15,0,0,0,0,0,0
Razor,60,7881,154,495,5,50,0,0,0,0,0,15,0,0,0,0,0,0
Razor,60+,8413,164,528,5,50,0,0,0,0,0,15,0,0,0,0,0,0
Razor,70,9241,180,580,5,50,0,0,0,0,0,15,0,0,0,0,0,0
Razor,70+,9773,191,613,5,50,0,0,0,0,0,22.5,0,0,0,0,0,0
Razor,80,10602,207,665,5,50,0,0,0,0,0,22.5,0,0,0,0,0,0
Razor,80+,11134,217,699,5,50,0,0,0,0,0,30,0,0,0,0,0,0
Razor,90,11962,234,751,5,50,0,0,0,0,0,30,0,0,0,0,0,0
Sucrose,1,775,14,59,5,50,0,0,0,0,0,0,0,0,0,0,0,0
Sucrose,20,1991,37,151,5,50,0,0,0,0,0,0,0,0,0,0,0,0
Sucrose,20+,2570,47,195,5,50,0,0,0,0,0,0,0,0,0,0,0,0
Sucrose,40,3850,71,293,5,50,0,0,0,0,0,0,0,0,0,0,0,0
Sucrose,40+,4261,78,324,5,50,0,0,0,0,0,0,0,0,0,0,6,0
Sucrose,50,4901,90,373,5,50,0,0,0,0,0,0,0,0,0,0,6,0
Sucrose,50+,5450,100,414,5,50,0,0,0,0,0,0,0,0,0,0,12,0
Sucrose,60,6090,112,463,5,50,0,0,0,0,0,0,0,0,0,0,12,0
Sucrose,60+,6501,120,494,5,50,0,0,0,0,0,0,0,0,0,0,12,0
Sucrose,70,7141,131,543,5,50,0,0,0,0,0,0,0,0,0,0,12,0
Sucrose,70+,7552,139,574,5,50,0,0,0,0,0,0,0,0,0,0,18,0
Sucrose,80,8192,151,623,5,50,0,0,0,0,0,0,0,0,0,0,18,0
Sucrose,80+,8604,158,654,5,50,0,0,0,0,0,0,0,0,0,0,24,0
Sucrose,90,9244,170,703,5,50,0,0,0,0,0,0,0,0,0,0,24,0
Venti,1,820,20,52,5,50,0,0,0,0,0,0,0,0,0,0,0,0
Venti,20,2127,53,135,5,50,0,0,0,0,0,0,0,0,0,0,0,0
Venti,20+,2830,71,180,5,50,0,0,0,0,0,0,0,0,0,0,0,0
Venti,40,4234,106,269,5,50,0,0,0,0,0,0,0,0,0,0,0,0
Venti,40+,4734,118,301,5,50,0,0,0,0,8,0,0,0,0,0,0,0
Venti,50,5446,136,346,5,50,0,0,0,0,8,0,0,0,0,0,0,0
Venti,50+,6112,153,388,5,50,0,0,0,0,16,0,0,0,0,0,0,0
Venti,60,6832,171,434,5,50,0,0,0,0,16,0,0,0,0,0,0,0
Venti,60+,7331,183,465,5,50,0,0,0,0,16,0,0,0,0,0,0,0
Venti,70,8058,201,512,5,50,0,0,0,0,16,0,0,0,0,0,0,0
Venti,70+,8557,214,543,5,50,0,0,0,0,24,0,0,0,0,0,0,0
Venti,80,9292,232,590,5,50,0,0,0,0,24,0,0,0,0,0,0,0
Venti,80+,9791,245,622,5,50,0,0,0,0,32,0,0,0,0,0,0,0
Venti,90,10531,263,669,5,50,0,0,0,0,32,0,0,0,0,0,0,0
Xiangling,1,912,19,56,5,50,0,0,0,0,0,0,0,0,0,0,0,0
Xiangling,20,2342,48,144,5,50,0,0,0,0,0,0,0,0,0,0,0,0
Xiangling,20+,3024,63,186,5,50,0,0,0,0,0,0,0,0,0,0,0,0
Xiangling,40,4529,94,279,5,50,0,0,0,0,0,0,0,0,0,0,0,0
Xiangling,40+,5013,104,308,5,50,0,0,0,24,0,0,0,0,0,0,0,0
Xiangling,50,5766,119,355,5,50,0,0,0,24,0,0,0,0,0,0,0,0
Xiangling,50+,6411,133,394,5,50,0,0,0,48,0,0,0,0,0,0,0,0
Xiangling,60,7164,148,441,5,50,0,0,0,48,0,0,0,0,0,0,0,0
Xiangling,60+,7648,158,470,5,50,0,0,0,48,0,0,0,0,0,0,0,0
Xiangling,70,8401,174,517,5,50,0,0,0,48,0,0,0,0,0,0,0,0
Xiangling,70+,8885,184,546,5,50,0,0,0,72,0,0,0,0,0,0,0,0
Xiangling,80,9638,200,593,5,50,0,0,0,72,0,0,0,0,0,0,0,0
Xiangling,80+,10122,210,623,5,50,0,0,0,96,0,0,0,0,0,0,0,0
Xiangling,90,10875,225,669,5,50,0,0,0,96,0,0,0,0,0,0,0,0
Xiao,1,991,27,62,5,50,0,0,0,0,0,0,0,0,0,0,0,0
Xiao,20,2572,71,161,5,50,0,0,0,0,0,0,0,0,0,0,0,0
Xiao,20+,3422,94,215,5,50,0,0,0,0,0,0,0,0,0,0,0,0
Xiao,40,5120,140,321,5,50,0,0,0,0,0,0,0,0,0,0,0,0
Xiao,40+,5724,157,359,9.8,50,0,0,0,0,0,0,0,0,0,0,0,0
Xiao,50,6586,181,413,9.8,50,0,0,0,0,0,0,0,0,0,0,0,0
Xiao,50+,7391,203,464,14.6,50,0,0,0,0,0,0,0,0,0,0,0,0
Xiao,60,8262,227,519,14.6,50,0,0,0,0,0,0,0,0,0,0,0,0
Xiao,60+,8866,243,556,14.6,50,0,0,0,0,0,0,0,0,0,0,0,0
Xiao,70,9744,267,612,14.6,50,0,0,0,0,0,0,0,0,0,0,0,0
Xiao,70+,10348,284,649,19.4,50,0,0,0,0,0,0,0,0,0,0,0,0
Xiao,80,11236,308,705,19.4,50,0,0,0,0,0,0,0,0,0,0,0,0
Xiao,80+,11840,325,743,24.2,50,0,0,0,0,0,0,0,0,0,0,0,0
Xiao,90,12736,349,799,24.2,50,0,0,0,0,0,0,0,0,0,0,0,0
Xingqiu,1,857,17,64,5,50,0,0,0,0,0,0,0,0,0,0,0,0
Xingqiu,20,2202,43,163,5,50,0,0,0,0,0,0,0,0,0,0,0,0
Xingqiu,20+,2842,56,211,5,50,0,0,0,0,0,0,0,0,0,0,0,0
Xingqiu,40,4257,84,316,5,50,0,0,0,0,0,0,0,0,0,0,0,0
Xingqiu,40+,4712,93,349,5,50,6,0,0,0,0,0,0,0,0,0,0,0
Xingqiu,50,5420,107,402,5,50,6,0,0,0,0,0,0,0,0,0,0,0
Xingqiu,50+,6027,119,447,5,50,12,0,0,0,0,0,0,0,0,0,0,0
Xingqiu,60,6735,133,499,5,50,12,0,0,0,0,0,0,0,0,0,0,0
Xingqiu,60+,7190,142,533,5,50,12,0,0,0,0,0,0,0,0,0,0,0
Xingqiu,70,7897,156,585,5,50,12,0,0,0,0,0,0,0,0,0,0,0
Xingqiu,70+,8352,165,619,5,50,18,0,0,0,0,0,0,0,0,0,0,0
Xingqiu,80,9060,179,671,5,50,18,0,0,0,0,0,0,0,0,0,0,0
Xingqiu,80+,9514,188,705,5,50,24,0,0,0,0,0,0,0,0,0,0,0
Xingqiu,90,10222,202,758,5,50,24,0,0,0,0,0,0,0,0,0,0,0
Tartaglia,1,1020,23,63,5,50,0,0,0,0,0,0,0,0,0,0,0,0
Tartaglia,20,2646,61,165,5,50,0,0,0,0,0,0,0,0,0,0,0,0
Tartaglia,20+,3521,81,219,5,50,0,0,0,0,0,0,0,0,0,0,0,0
Tartaglia,40,5268,121,328,5,50,0,0,0,0,0,0,0,0,0,0,0,0
Tartaglia,40+,5889,135,366,5,50,0,0,0,0,0,0,0,7.2,0,0,0,0
Tartaglia,50,6776,156,421,5,50,0,0,0,0,0,0,0,7.2,0,0,0,0
Tartaglia,50+,7604,175,473,5,50,0,0,0,0,0,0,0,14.4,0,0,0,0
Tartaglia,60,8500,195,528,5,50,0,0,0,0,0,0,0,14.4,0,0,0,0
Tartaglia,60+,9121,210,567,5,50,0,0,0,0,0,0,0,14.4,0,0,0,0
Tartaglia,70,10025,231,623,5,50,0,0,0,0,0,0,0,14.4,0,0,0,0
Tartaglia,70+,10647,245,662,5,50,0,0,0,0,0,0,0,21.6,0,0,0,0
Tartaglia,80,11561,266,719,5,50,0,0,0,0,0,0,0,21.6,0,0,0,0
Tartaglia,80+,12182,280,757,5,50,0,0,0,0,0,0,0,28.8,0,0,0,0
Tartaglia,90,13103,301,815,5,50,0,0,0,0,0,0,0,28.8,0,0,0,0
Zhongli,1,1144,20,57,5,50,0,0,0,0,0,0,0,0,0,0,0,0
Zhongli,20,2967,51,149,5,50,0,0,0,0,0,0,0,0,0,0,0,0
Zhongli,20+,3948,67,198,5,50,0,0,0,0,0,0,0,0,0,0,0,0
Zhongli,40,5908,101,297,5,50,0,0,0,0,0,0,0,0,0,0,0,0
Zhongli,40+,6605,113,332,5,50,0,0,0,0,0,0,0,0,0,0,0,7.2
Zhongli,50,7599,130,382,5,50,0,0,0,0,0,0,0,0,0,0,0,7.2
Zhongli,50+,8528,146,428,5,50,0,0,0,0,0,0,0,0,0,0,0,14.4
Zhongli,60,9533,163,479,5,50,0,0,0,0,0,0,0,0,0,0,0,14.4
Zhongli,60+,10230,175,514,5,50,0,0,0,0,0,0,0,0,0,0,0,14.4
Zhongli,70,11243,192,564,5,50,0,0,0,0,0,0,0,0,0,0,0,14.4
Zhongli,70+,11940,204,599,5,50,0,0,0,0,0,0,0,0,0,0,0,21.6
Zhongli,80,12965,222,651,5,50,0,0,0,0,0,0,0,0,0,0,0,21.6
Zhongli,80+,13662,233,686,5,50,0,0,0,0,0,0,0,0,0,0,0,28.8
Zhongli,90,14695,251,738,5,50,0,0,0,0,0,0,0,0,0,0,0,28.8
Diona,1,802,18,50,5,50,0,0,0,0,0,0,0,0,0,0,0,0
Diona,20,2061,46,129,5,50,0,0,0,0,0,0,0,0,0,0,0,0
Diona,20+,2661,59,167,5,50,0,0,0,0,0,0,0,0,0,0,0,0
Diona,40,3985,88,250,5,50,0,0,0,0,0,0,0,0,0,0,0,0
Diona,40+,4411,98,277,5,50,0,0,0,0,0,0,0,0,6,0,0,0
Diona,50,5074,113,318,5,50,0,0,0,0,0,0,0,0,6,0,0,0
Diona,50+,5642,125,354,5,50,0,0,0,0,0,0,0,0,12,0,0,0
Diona,60,6305,140,396,5,50,0,0,0,0,0,0,0,0,12,0,0,0
Diona,60+,6731,149,422,5,50,0,0,0,0,0,0,0,0,12,0,0,0
Diona,70,7393,164,464,5,50,0,0,0,0,0,0,0,0,12,0,0,0
Diona,70+,7818,174,491,5,50,0,0,0,0,0,0,0,0,18,0,0,0
Diona,80,8481,188,532,5,50,0,0,0,0,0,0,0,0,18,0,0,0
Diona,80+,8907,198,559,5,50,0,0,0,0,0,0,0,0,24,0,0,0
Diona,90,9570,212,601,5,50,0,0,0,0,0,0,0,0,24,0,0,0
Xinyan,1,939,21,67,5,50,0,0,0,0,0,0,0,0,0,0,0,0
Xinyan,20,2413,54,172,5,50,0,0,0,0,0,0,0,0,0,0,0,0
Xinyan,20+,3114,69,222,5,50,0,0,0,0,0,0,0,0,0,0,0,0
Xinyan,40,4665,103,333,5,50,0,0,0,0,0,0,0,0,0,0,0,0
Xinyan,40+,5163,115,368,5,50,6,0,0,0,0,0,0,0,0,0,0,0
Xinyan,50,5939,132,423,5,50,6,0,0,0,0,0,0,0,0,0,0,0
Xinyan,50+,6604,147,471,5,50,12,0,0,0,0,0,0,0,0,0,0,0
Xinyan,60,7379,164,526,5,50,12,0,0,0,0,0,0,0,0,0,0,0
Xinyan,60+,7878,175,562,5,50,12,0,0,0,0,0,0,0,0,0,0,0
Xinyan,70,8653,192,617,5,50,12,0,0,0,0,0,0,0,0,0,0,0
Xinyan,70+,9151,203,652,5,50,18,0,0,0,0,0,0,0,0,0,0,0
Xinyan,80,9927,220,708,5,50,18,0,0,0,0,0,0,0,0,0,0,0
Xinyan,80+,10425,231,743,5,50,24,0,0,0,0,0,0,0,0,0,0,0
Xinyan,90,11201,249,799,5,50,24,0,0,0,0,0,0,0,0,0,0,0
Ganyu,1,763,26,49,5,50,0,0,0,0,0,0,0,0,0,0,0,0
Ganyu,20,1978,68,127,5,50,0,0,0,0,0,0,0,0,0,0,0,0
Ganyu,20+,2632,90,169,5,50,0,0,0,0,0,0,0,0,0,0,0,0
Ganyu,40,3939,135,253,5,50,0,0,0,0,0,0,0,0,0,0,0,0
Ganyu,40+,4403,151,283,5,59.6,0,0,0,0,0,0,0,0,0,0,0,0
Ganyu,50,5066,173,326,5,59.6,0,0,0,0,0,0,0,0,0,0,0,0
Ganyu,50+,5686,194,366,5,69.2,0,0,0,0,0,0,0,0,0,0,0,0
Ganyu,60,6355,217,409,5,69.2,0,0,0,0,0,0,0,0,0,0,0,0
Ganyu,60+,6820,233,439,5,69.2,0,0,0,0,0,0,0,0,0,0,0,0
Ganyu,70,7495,256,482,5,69.2,0,0,0,0,0,0,0,0,0,0,0,0
Ganyu,70+,7960,272,512,5,78.8,0,0,0,0,0,0,0,0,0,0,0,0
Ganyu,80,8643,295,556,5,78.8,0,0,0,0,0,0,0,0,0,0,0,0
Ganyu,80+,9108,311,586,5,88.4,0,0,0,0,0,0,0,0,0,0,0,0
Ganyu,90,9797,335,630,5,88.4,0,0,0,0,0,0,0,0,0,0,0,0
Albedo,1,1030,20,68,5,50,0,0,0,0,0,0,0,0,0,0,0,0
Albedo,20,2671,51,177,5,50,0,0,0,0,0,0,0,0,0,0,0,0
Albedo,20+,3554,67,235,5,50,0,0,0,0,0,0,0,0,0,0,0,0
Albedo,40,5317,101,352,5,50,0,0,0,0,0,0,0,0,0,0,0,0
Albedo,40+,5944,113,394,5,50,0,0,0,0,0,0,0,0,0,0,0,7.2
Albedo,50,6839,130,453,5,50,0,0,0,0,0,0,0,0,0,0,0,7.2
Albedo,50+,7675,146,508,5,50,0,0,0,0,0,0,0,0,0,0,0,14.4
Albedo,60,8579,163,568,5,50,0,0,0,0,0,0,0,0,0,0,0,14.4
Albedo,60+,9207,175,610,5,50,0,0,0,0,0,0,0,0,0,0,0,14.4
Albedo,70,10119,192,670,5,50,0,0,0,0,0,0,0,0,0,0,0,14.4
Albedo,70+,10746,204,712,5,50,0,0,0,0,0,0,0,0,0,0,0,21.6
Albedo,80,11669,222,773,5,50,0,0,0,0,0,0,0,0,0,0,0,21.6
Albedo,80+,12296,233,815,5,50,0,0,0,0,0,0,0,0,0,0,0,28.8
Albedo,90,13226,251,876,5,50,0,0,0,0,0,0,0,0,0,0,0,28.8
Rosaria,1,1030,20,60,5,50,0,0,0,0,0,0,0,0,0,0,0,0
Rosaria,20,2647,52,153,5,50,0,0,0,0,0,0,0,0,0,0,0,0
Rosaria,20+,3417,67,197,5,50,0,0,0,0,0,0,0,0,0,0,0,0
Rosaria,40,5118,100,296,5,50,0,0,0,0,0,0,0,0,0,0,0,0
Rosaria,40+,5665,111,327,5,50,6,0,0,0,0,0,0,0,0,0,0,0
Rosaria,50,6516,127,376,5,50,6,0,0,0,0,0,0,0,0,0,0,0
Rosaria,50+,7245,141,418,5,50,12,0,0,0,0,0,0,0,0,0,0,0
Rosaria,60,8096,158,468,5,50,12,0,0,0,0,0,0,0,0,0,0,0
Rosaria,60+,8643,169,499,5,50,12,0,0,0,0,0,0,0,0,0,0,0
Rosaria,70,9493,185,548,5,50,12,0,0,0,0,0,0,0,0,0,0,0
Rosaria,70+,10040,196,580,5,50,18,0,0,0,0,0,0,0,0,0,0,0
Rosaria,80,10891,213,629,5,50,18,0,0,0,0,0,0,0,0,0,0,0
Rosaria,80+,11438,223,661,5,50,24,0,0,0,0,0,0,0,0,0,0,0
Rosaria,90,12289,240,710,5,50,24,0,0,0,0,0,0,0,0,0,0,0
Ayaka,1,1001,27,61,5,50,0,0,0,0,0,0,0,0,0,0,0,0
Ayaka,20,2597,69,158,5,50,0,0,0,0,0,0,0,0,0,0,0,0
Ayaka,20+,3455,92,211,5,50,0,0,0,0,0,0,0,0,0,0,0,0
Ayaka,40,5170,138,315,5,50,0,0,0,0,0,0,0,0,0,0,0,0
Ayaka,40+,5779,154,352,5,59.6,0,0,0,0,0,0,0,0,0,0,0,0
Ayaka,50,6649,177,405,5,59.6,0,0,0,0,0,0,0,0,0,0,0,0
Ayaka,50+,7462,198,455,5,69.2,0,0,0,0,0,0,0,0,0,0,0,0
Ayaka,60,8341,222,509,5,69.2,0,0,0,0,0,0,0,0,0,0,0,0
Ayaka,60+,8951,238,546,5,69.2,0,0,0,0,0,0,0,0,0,0,0,0
Ayaka,70,9838,262,600,5,69.2,0,0,0,0,0,0,0,0,0,0,0,0
Ayaka,70+,10448,278,637,5,78.8,0,0,0,0,0,0,0,0,0,0,0,0
Ayaka,80,11345,302,692,5,78.8,0,0,0,0,0,0,0,0,0,0,0,0
Ayaka,80+,11954,318,729,5,88.4,0,0,0,0,0,0,0,0,0,0,0,0
Ayaka,90,12858,342,784,5,88.4,0,0,0,0,0,0,0,0,0,0,0,0
Hutao,1,1211,8,68,5,50,0,0,0,0,0,0,0,0,0,0,0,0
Hutao,20,3141,21,177,5,50,0,0,0,0,0,0,0,0,0,0,0,0
Hutao,20+,4179,29,235,5,50,0,0,0,0,0,0,0,0,0,0,0,0
Hutao,40,6253,43,352,5,50,0,0,0,0,0,0,0,0,0,0,0,0
Hutao,40+,6990,48,394,5,59.6,0,0,0,0,0,0,0,0,0,0,0,0
Hutao,50,8042,55,453,5,59.6,0,0,0,0,0,0,0,0,0,0,0,0
Hutao,50+,9026,62,508,5,69.2,0,0,0,0,0,0,0,0,0,0,0,0
Hutao,60,10089,69,568,5,69.2,0,0,0,0,0,0,0,0,0,0,0,0
Hutao,60+,10826,74,610,5,69.2,0,0,0,0,0,0,0,0,0,0,0,0
Hutao,70,11899,81,670,5,69.2,0,0,0,0,0,0,0,0,0,0,0,0
Hutao,70+,12637,86,712,5,78.8,0,0,0,0,0,0,0,0,0,0,0,0
Hutao,80,13721,94,773,5,78.8,0,0,0,0,0,0,0,0,0,0,0,0
Hutao,80+,14459,99,815,5,88.4,0,0,0,0,0,0,0,0,0,0,0,0
Hutao,90,15552,106,876,5,88.4,0,0,0,0,0,0,0,0,0,0,0,0
Yanfei,1,784,20,49,5,50,0,0,0,0,0,0,0,0,0,0,0,0
Yanfei,20,2014,52,126,5,50,0,0,0,0,0,0,0,0,0,0,0,0
Yanfei,20+,2600,67,163,5,50,0,0,0,0,0,0,0,0,0,0,0,0
Yanfei,40,3895,100,244,5,50,0,0,0,0,0,0,0,0,0,0,0,0
Yanfei,40+,4311,111,271,5,50,0,0,0,0,0,0,6,0,0,0,0,0
Yanfei,50,4959,127,311,5,50,0,0,0,0,0,0,6,0,0,0,0,0
Yanfei,50+,5514,141,346,5,50,0,0,0,0,0,0,12,0,0,0,0,0
Yanfei,60,6161,158,387,5,50,0,0,0,0,0,0,12,0,0,0,0,0
Yanfei,60+,6578,169,413,5,50,0,0,0,0,0,0,12,0,0,0,0,0
Yanfei,70,7225,185,453,5,50,0,0,0,0,0,0,12,0,0,0,0,0
Yanfei,70+,7641,196,480,5,50,0,0,0,0,0,0,18,0,0,0,0,0
Yanfei,80,8289,213,520,5,50,0,0,0,0,0,0,18,0,0,0,0,0
Yanfei,80+,8705,223,546,5,50,0,0,0,0,0,0,24,0,0,0,0,0
Yanfei,90,9352,240,587,5,50,0,0,0,0,0,0,24,0,0,0,0,0
Eula,1,1030,27,58,5,50,0,0,0,0,0,0,0,0,0,0,0,0
Eula,20,2671,69,152,5,50,0,0,0,0,0,0,0,0,0,0,0,0
Eula,20+,3554,92,202,5,50,0,0,0,0,0,0,0,0,0,0,0,0
Eula,40,5317,138,302,5,50,0,0,0,0,0,0,0,0,0,0,0,0
Eula,40+,5944,154,337,5,59.6,0,0,0,0,0,0,0,0,0,0,0,0
Eula,50,6839,177,388,5,59.6,0,0,0,0,0,0,0,0,0,0,0,0
Eula,50+,7675,198,436,5,69.2,0,0,0,0,0,0,0,0,0,0,0,0
Eula,60,8579,222,487,5,69.2,0,0,0,0,0,0,0,0,0,0,0,0
Eula,60+,9207,238,523,5,69.2,0,0,0,0,0,0,0,0,0,0,0,0
Eula,70,10119,262,574,5,69.2,0,0,0,0,0,0,0,0,0,0,0,0
Eula,70+,10746,278,610,5,78.8,0,0,0,0,0,0,0,0,0,0,0,0
Eula,80,11669,302,662,5,78.8,0,0,0,0,0,0,0,0,0,0,0,0
Eula,80+,12296,318,698,5,88.4,0,0,0,0,0,0,0,0,0,0,0,0
Eula,90,13226,342,751,5,88.4,0,0,0,0,0,0,0,0,0,0,0,0
Kazuha,1,1039,23,63,5,50,0,0,0,0,0,0,0,0,0,0,0,0
Kazuha,20,2695,60,163,5,50,0,0,0,0,0,0,0,0,0,0,0,0
Kazuha,20+,3586,80,217,5,50,0,0,0,0,0,0,0,0,0,0,0,0
Kazuha,40,5366,119,324,5,50,0,0,0,0,0,0,0,0,0,0,0,0
Kazuha,40+,5999,133,363,5,50,0,0,0,28,0,0,0,0,0,0,0,0
Kazuha,50,6902,153,417,5,50,0,0,0,28,0,0,0,0,0,0,0,0
Kazuha,50+,7747,172,468,5,50,0,0,0,57,0,0,0,0,0,0,0,0
Kazuha,60,8659,192,523,5,50,0,0,0,57,0,0,0,0,0,0,0,0
Kazuha,60+,9292,206,562,5,50,0,0,0,57,0,0,0,0,0,0,0,0
Kazuha,70,10213,227,617,5,50,0,0,0,57,0,0,0,0,0,0,0,0
Kazuha,70+,10846,241,656,5,50,0,0,0,86,0,0,0,0,0,0,0,0
Kazuha,80,11777,262,712,5,50,0,0,0,86,0,0,0,0,0,0,0,0
Kazuha,80+,12410,276,750,5,50,0,0,0,115,0,0,0,0,0,0,0,0
Kazuha,90,13348,297,807,5,50,0,0,0,115,0,0,0,0,0,0,0,0
Yoimiya,1,791,25,48,5,50,0,0,0,0,0,0,0,0,0,0,0,0
Yoimiya,20,2053,65,124,5,50,0,0,0,0,0,0,0,0,0,0,0,0
Yoimiya,20+,2731,87,165,5,50,0,0,0,0,0,0,0,0,0,0,0,0
Yoimiya,40,4086,130,247,5,50,0,0,0,0,0,0,0,0,0,0,0,0
Yoimiya,40+,4568,145,276,9.8,50,0,0,0,0,0,0,0,0,0,0,0,0
Yoimiya,50,5256,167,318,9.8,50,0,0,0,0,0,0,0,0,0,0,0,0
Yoimiya,50+,5899,187,357,14.6,50,0,0,0,0,0,0,0,0,0,0,0,0
Yoimiya,60,6593,209,399,14.6,50,0,0,0,0,0,0,0,0,0,0,0,0
Yoimiya,60+,7075,225,428,14.6,50,0,0,0,0,0,0,0,0,0,0,0,0
Yoimiya,70,7777,247,470,14.6,50,0,0,0,0,0,0,0,0,0,0,0,0
Yoimiya,70+,8259,262,500,19.4,50,0,0,0,0,0,0,0,0,0,0,0,0
Yoimiya,80,8968,285,542,19.4,50,0,0,0,0,0,0,0,0,0,0,0,0
Yoimiya,80+,9450,300,572,24.2,50,0,0,0,0,0,0,0,0,0,0,0,0
Yoimiya,90,10164,323,615,24.2,50,0,0,0,0,0,0,0,0,0,0,0,0
Sayu,1,994,20,62,5,50,0,0,0,0,0,0,0,0,0,0,0,0
Sayu,20,2553,53,160,5,50,0,0,0,0,0,0,0,0,0,0,0,0
Sayu,20+,3296,68,207,5,50,0,0,0,0,0,0,0,0,0,0,0,0
Sayu,40,4937,102,310,5,50,0,0,0,0,0,0,0,0,0,0,0,0
Sayu,40+,5464,113,343,5,50,0,0,0,24,0,0,0,0,0,0,0,0
Sayu,50,6285,130,395,5,50,0,0,0,24,0,0,0,0,0,0,0,0
Sayu,50+,6988,144,439,5,50,0,0,0,48,0,0,0,0,0,0,0,0
Sayu,60,7809,161,491,5,50,0,0,0,48,0,0,0,0,0,0,0,0
Sayu,60+,8337,172,524,5,50,0,0,0,48,0,0,0,0,0,0,0,0
Sayu,70,9157,189,575,5,50,0,0,0,48,0,0,0,0,0,0,0,0
Sayu,70+,9684,200,608,5,50,0,0,0,72,0,0,0,0,0,0,0,0
Sayu,80,10505,216,660,5,50,0,0,0,72,0,0,0,0,0,0,0,0
Sayu,80+,11033,227,693,5,50,0,0,0,96,0,0,0,0,0,0,0,0
Sayu,90,11854,244,745,5,50,0,0,0,96,0,0,0,0,0,0,0,0
Traveler,1,912,18,57,5,50,0,0,0,0,0,0,0,0,0,0,0,0
Traveler,20,2342,46,147,5,50,0,0,0,0,0,0,0,0,0,0,0,0
Traveler,20+,3024,59,190,5,50,0,0,0,0,0,0,0,0,0,0,0,0
Traveler,40,4529,88,284,5,50,0,0,0,0,0,0,0,0,0,0,0,0
Traveler,40+,5013,98,315,5,50,6,0,0,0,0,0,0,0,0,0,0,0
Traveler,50,5766,113,362,5,50,6,0,0,0,0,0,0,0,0,0,0,0
Traveler,50+,6411,125,402,5,50,12,0,0,0,0,0,0,0,0,0,0,0
Traveler,60,7164,140,450,5,50,12,0,0,0,0,0,0,0,0,0,0,0
Traveler,60+,7648,149,480,5,50,12,0,0,0,0,0,0,0,0,0,0,0
Traveler,70,8401,164,527,5,50,12,0,0,0,0,0,0,0,0,0,0,0
Traveler,70+,8885,174,558,5,50,18,0,0,0,0,0,0,0,0,0,0,0
Traveler,80,9638,188,605,5,50,18,0,0,0,0,0,0,0,0,0,0,0
Traveler,80+,10122,198,635,5,50,24,0,0,0,0,0,0,0,0,0,0,0
Traveler,90,10875,212,683,5,50,24,0,0,0,0,0,0,0,0,0,0,0
Shogun,1,1005,26,61,5,50,0,0,0,0,0,0,0,0,0,0,0,0
Shogun,20,2606,68,159,5,50,0,0,0,0,0,0,0,0,0,0,0,0
Shogun,20+,3468,91,212,5,50,0,0,0,0,0,0,0,0,0,0,0,0
Shogun,40,5189,136,317,5,50,0,0,0,0,0,0,0,0,0,0,0,0
Shogun,40+,5801,152,355,5,50,0,0,0,0,8,0,0,0,0,0,0,0
Shogun,50,6675,174,408,5,50,0,0,0,0,8,0,0,0,0,0,0,0
Shogun,50+,7491,196,458,5,50,0,0,0,0,16,0,0,0,0,0,0,0
Shogun,60,8373,219,512,5,50,0,0,0,0,16,0,0,0,0,0,0,0
Shogun,60+,8985,235,549,5,50,0,0,0,0,16,0,0,0,0,0,0,0
Shogun,70,9875,258,604,5,50,0,0,0,0,16,0,0,0,0,0,0,0
Shogun,70+,10487,274,641,5,50,0,0,0,0,24,0,0,0,0,0,0,0
Shogun,80,11388,298,696,5,50,0,0,0,0,24,0,0,0,0,0,0,0
Shogun,80+,12000,314,734,5,50,0,0,0,0,32,0,0,0,0,0,0,0
Shogun,90,12907,337,789,5,50,0,0,0,0,32,0,0,0,0,0,0,0
Aloy,1,848,18,53,5,50,0,0,0,0,0,0,0,0,0,0,0,0
Aloy,20,2201,47,137,5,50,0,0,0,0,0,0,0,0,0,0,0,0
Aloy,20+,2928,63,182,5,50,0,0,0,0,0,0,0,0,0,0,0,0
Aloy,40,4382,94,272,5,50,0,0,0,0,0,0,0,0,0,0,0,0
Aloy,40+,4899,105,304,5,50,0,0,0,0,0,0,0,0,7.2,0,0,0
Aloy,50,5636,121,350,5,50,0,0,0,0,0,0,0,0,7.2,0,0,0
Aloy,50+,6325,136,393,5,50,0,0,0,0,0,0,0,0,14.4,0,0,0
Aloy,60,7070,152,439,5,50,0,0,0,0,0,0,0,0,14.4,0,0,0
Aloy,60+,7587,163,471,5,50,0,0,0,0,0,0,0,0,14.4,0,0,0
Aloy,70,8339,179,517,5,50,0,0,0,0,0,0,0,0,14.4,0,0,0
Aloy,70+,8856,190,550,5,50,0,0,0,0,0,0,0,0,21.6,0,0,0
Aloy,80,9616,206,597,5,50,0,0,0,0,0,0,0,0,21.6,0,0,0
Aloy,80+,10133,217,629,5,50,0,0,0,0,0,0,0,0,28.8,0,0,0
Aloy,90,10899,234,676,5,50,0,0,0,0,0,0,0,0,28.8,0,0,0
Sara,1,802,16,53,5,50,0,0,0,0,0,0,0,0,0,0,0,0
Sara,20,2061,42,135,5,50,0,0,0,0,0,0,0,0,0,0,0,0
Sara,20+,2661,54,175,5,50,0,0,0,0,0,0,0,0,0,0,0,0
Sara,40,3985,81,262,5,50,0,0,0,0,0,0,0,0,0,0,0,0
Sara,40+,4411,90,289,5,50,6,0,0,0,0,0,0,0,0,0,0,0
Sara,50,5074,104,333,5,50,6,0,0,0,0,0,0,0,0,0,0,0
Sara,50+,5642,115,370,5,50,12,0,0,0,0,0,0,0,0,0,0,0
Sara,60,6305,129,414,5,50,12,0,0,0,0,0,0,0,0,0,0,0
Sara,60+,6731,137,442,5,50,12,0,0,0,0,0,0,0,0,0,0,0
Sara,70,7393,151,485,5,50,12,0,0,0,0,0,0,0,0,0,0,0
Sara,70+,7818,160,513,5,50,18,0,0,0,0,0,0,0,0,0,0,0
Sara,80,8481,173,556,5,50,18,0,0,0,0,0,0,0,0,0,0,0
Sara,80+,8907,182,584,5,50,24,0,0,0,0,0,0,0,0,0,0,0
Sara,90,9570,195,628,5,50,24,0,0,0,0,0,0,0,0,0,0,0
Kokomi,1,1049,18,51,5,50,0,0,0,0,0,0,0,0,0,0,0,0
Kokomi,20,2720,47,133,5,50,0,0,0,0,0,0,0,0,0,0,0,0
Kokomi,20+,3619,63,177,5,50,0,0,0,0,0,0,0,0,0,0,0,0
Kokomi,40,5416,94,264,5,50,0,0,0,0,0,0,0,0,0,0,0,0
Kokomi,40+,6055,105,295,5,50,0,0,0,0,0,0,0,7.2,0,0,0,0
Kokomi,50,6966,121,340,5,50,0,0,0,0,0,0,0,7.2,0,0,0,0
Kokomi,50+,7818,136,381,5,50,0,0,0,0,0,0,0,14.4,0,0,0,0
Kokomi,60,8738,152,426,5,50,0,0,0,0,0,0,0,14.4,0,0,0,0
Kokomi,60+,9377,163,457,5,50,0,0,0,0,0,0,0,14.4,0,0,0,0
Kokomi,70,10306,179,503,5,50,0,0,0,0,0,0,0,14.4,0,0,0,0
Kokomi,70+,10945,190,534,5,50,0,0,0,0,0,0,0,21.6,0,0,0,0
Kokomi,80,11885,207,580,5,50,0,0,0,0,0,0,0,21.6,0,0,0,0
Kokomi,80+,12524,218,611,5,50,0,0,0,0,0,0,0,28.8,0,0,0,0
Kokomi,90,13471,234,657,5,50,0,0,0,0,0,0,0,28.8,0,0,0,0
